x, y, z
26473.79,4563.28,21.04
27934.66,3898.59,22.08
26472.53,4581.75,33.37
27954.23,3914.57,-138.50
26421.71,4387.11,21.16
26410.27,4341.83,-43.19
26768.87,2798.26,74.67
26683.90,2848.85,37.70
26517.58,4556.90,48.93
26492.46,4468.88,-10.62
26414.72,2878.23,84.59
26806.51,3005.32,119.30
26973.43,2827.17,108.70
26948.54,2824.54,-49.55
26989.59,4021.91,59.81
27019.88,3994.97,114.51
27320.73,4713.91,-92.55
26855.17,4063.18,64.74
26729.92,3023.26,323.36
26833.37,4063.27,81.80
26771.92,2986.62,212.59
26175.09,4282.13,54.29
27834.07,4278.09,-56.72
26483.66,4342.70,-115.72
27093.76,2738.73,40.73
27838.74,4361.33,80.05
27866.70,4318.69,262.51
27514.64,4334.04,187.14
27788.28,4389.53,-264.21
27700.77,4490.08,323.84
27651.48,4498.53,98.83
27935.04,3971.66,-112.86
27919.07,3974.52,-126.75
26826.22,2861.18,256.64
26752.90,4672.39,-220.61
26802.54,4770.83,-136.87
26690.05,2854.43,50.63
26313.80,3001.65,60.11
26710.34,4399.76,74.31
27955.98,4244.34,-163.14
26337.03,4427.48,158.71
26776.00,2826.17,26.91
26790.90,2797.72,-38.67
26398.54,2886.54,154.58
26395.20,2883.46,244.00
27691.53,2976.10,31.65
26564.86,2812.35,11.43
27623.64,4526.98,66.79
26561.71,2790.30,24.64
26559.22,2807.45,24.84
27631.87,4526.63,48.40
27999.78,3711.33,251.89
27559.62,4595.36,-97.89
27092.49,2691.47,17.64
27900.20,3801.58,12.02
27689.02,4467.68,47.13
26649.77,4567.04,139.96
26742.74,2832.75,177.53
26683.09,2858.08,241.54
26496.52,4606.34,45.36
26457.38,4627.74,43.37
26992.89,2574.81,34.24
27937.29,3748.86,-107.39
26795.59,2989.20,55.46
26743.59,4470.67,-124.65
26677.05,4548.44,114.41
26481.28,4613.20,-138.48
26586.29,4500.33,-226.29
26415.23,4537.63,-0.16
26426.97,4533.98,-0.38
27926.24,4241.28,245.42
27736.09,4379.24,74.30
27163.35,4739.41,-234.33
26419.95,4607.23,62.45
26342.43,4570.25,37.47
27862.97,4052.95,100.87
27588.74,2989.69,-271.17
26874.01,4701.95,-12.85
26432.06,4482.77,-156.26
27903.38,3789.87,-57.15
27816.52,4338.12,85.36
27848.30,4337.78,116.30
27930.93,4248.64,-158.98
26299.66,3932.11,-201.05
27932.79,3909.07,-45.58
26120.70,3095.35,34.42
27874.03,4355.00,-131.38
25974.35,3994.29,-7.43
25970.32,3980.60,32.50
25943.55,3961.11,-38.77
27712.22,4416.40,101.62
27079.70,2670.73,394.52
26837.65,4408.96,145.14
26438.84,4393.85,37.12
27941.72,4218.16,196.16
26854.55,4047.32,90.43
27898.31,4348.80,76.05
26456.16,2806.00,-9.44
26470.62,2815.90,39.57
26228.72,3073.83,89.06
26867.42,2715.58,-127.67
26865.96,2798.49,1.16
26208.79,3124.41,202.00
26250.97,2949.31,233.22
26977.52,4019.96,68.54
26604.39,4595.06,-249.09
27170.35,2871.56,186.60
26101.93,3100.77,64.64
26563.74,4537.06,204.31
27176.21,4747.35,-65.22
26804.61,2983.24,96.33
26550.84,2788.19,149.95
27958.82,4110.29,-65.90
26368.35,4318.36,71.77
26291.54,3029.50,199.08
26390.90,4505.29,-169.69
26382.43,4288.55,-90.87
26361.76,4335.60,75.41
26662.12,2830.56,104.77
26425.61,2854.71,32.62
26339.83,4304.54,104.42
26363.44,4378.73,13.86
26335.88,4379.14,17.36
27834.33,4347.45,-22.72
27786.67,4382.79,108.58
25982.45,3157.84,131.97
26771.42,2773.73,47.05
26507.06,4607.11,-223.46
26517.68,4599.52,-27.12
26054.30,3084.74,220.84
26110.88,3107.72,84.39
26382.30,4582.40,-58.84
26405.42,4554.50,28.77
26422.54,4386.54,-61.66
26402.17,4398.07,72.69
26455.04,4411.86,184.86
26710.40,2588.13,35.77
26088.74,3077.30,-49.51
26303.13,4236.42,-107.75
26129.94,3057.71,13.76
27143.01,2687.41,53.07
26448.93,4564.80,60.35
27065.15,2711.36,101.57
27067.84,2720.20,76.91
26354.01,4550.66,-142.81
27133.15,2608.49,72.75
26292.44,4561.86,-13.49
26293.75,4481.58,77.38
26735.02,4128.21,-235.62
27218.91,4650.12,-123.51
27198.69,4670.59,-169.10
28081.80,4047.84,141.77
26608.30,4314.92,7.77
26344.21,4353.00,119.91
26429.50,2862.38,44.24
26415.12,2884.53,50.26
26641.99,2856.58,85.86
26707.93,4630.39,47.80
26156.05,3021.13,96.97
26117.52,2994.34,137.92
27714.37,4354.70,124.86
27784.35,4375.31,300.36
26333.54,4543.39,43.96
27937.04,4210.81,72.01
26565.02,4469.38,42.61
28049.02,3698.88,350.28
27910.50,3688.13,98.74
27722.89,4435.15,-53.05
27714.84,4453.49,7.99
26697.04,4412.89,38.76
27860.51,4303.47,-60.58
27100.76,2682.41,20.72
26300.27,2895.31,337.78
26398.70,2882.03,59.91
27143.13,2835.26,196.01
27987.53,4180.32,92.91
26122.80,3878.22,10.03
26352.52,4549.81,49.85
26115.88,3894.12,39.84
26438.12,4572.73,-11.79
25908.45,3851.34,-91.27
26325.57,4378.24,49.66
26366.88,4566.44,33.82
27160.03,2661.30,-216.62
27818.99,4317.56,76.08
26588.53,4584.93,45.13
27546.21,4574.32,-188.45
27536.53,4560.38,-110.38
26458.47,4592.22,26.40
26462.18,4593.43,-58.91
26448.62,4557.62,-127.44
26464.47,4590.01,28.04
26521.09,4282.57,90.70
26737.84,2641.99,3.04
26362.55,4602.07,13.32
27909.69,3535.59,-190.37
27326.77,2759.52,-152.15
27198.19,2588.38,288.99
26841.99,2579.53,112.84
27744.58,4393.80,53.40
26028.07,3732.00,-287.49
27940.06,4034.97,-26.20
26966.12,4121.79,52.45
26355.18,4506.64,66.57
26336.03,4522.10,-94.45
26376.71,4458.68,-31.48
26438.41,4594.96,-72.04
26424.87,4301.80,11.15
26433.87,4301.62,-45.55
26443.30,4315.41,73.13
26403.53,4355.52,16.21
26395.58,4270.58,-17.01
26468.31,4333.81,34.96
26460.16,4301.27,66.90
26641.87,2768.95,-109.82
27704.87,4199.86,-173.52
26428.17,4356.01,-100.02
26635.43,2790.39,40.50
26400.97,4364.43,36.03
26455.73,4338.10,-27.20
27899.89,3791.26,-6.12
27912.45,3850.79,-3.02
26396.36,4297.90,24.85
26363.53,4248.40,28.95
26828.22,4060.65,61.73
26435.43,4467.89,-32.63
26370.82,4161.28,21.16
26697.32,4569.90,-73.48
26444.83,2951.11,228.59
26097.59,3025.40,46.72
26681.02,4556.03,57.34
26740.75,4584.34,-4.81
25895.27,3661.81,-125.08
27641.73,4452.43,18.61
26202.99,4134.26,43.31
26199.80,4004.85,22.57
26247.90,4110.53,-69.57
27940.04,3918.35,49.07
26254.25,4073.90,-141.06
26285.88,4210.21,-128.69
27710.93,4452.10,-104.42
26063.48,3840.94,128.90
26077.69,3102.17,-11.97
26610.04,2809.51,154.50
26045.74,3012.93,430.19
26435.87,4273.26,41.31
26463.47,4292.59,20.74
26407.59,4227.48,59.05
26837.84,2724.01,19.56
26823.89,2741.38,12.09
26826.69,2743.07,18.88
26147.12,4206.63,41.99
26797.82,2740.42,210.25
26029.45,3142.41,208.15
26006.62,3127.42,-271.26
26628.31,4202.57,10.68
26536.14,4539.40,-104.98
26557.76,4553.91,-33.26
26582.41,4640.84,-142.79
26239.55,4119.51,220.87
26225.26,3984.15,-28.15
27829.30,3995.34,-6.07
26375.96,4218.80,-90.05
28065.89,4048.12,241.23
26254.94,4104.55,-19.93
26433.73,4589.01,11.10
26454.86,4582.31,-20.78
27927.52,4052.11,35.61
26434.28,4263.16,119.32
27594.81,4492.63,129.27
26596.05,4442.67,178.03
26787.41,2566.13,57.46
26124.36,3891.86,-30.08
26382.24,4315.97,-60.78
27145.27,4743.75,-38.58
26719.04,2661.10,-30.85
26267.41,4167.36,-127.90
26406.78,4567.88,-285.24
28028.21,4175.70,255.06
26200.43,4263.04,95.81
26623.63,4510.11,265.72
26384.46,4383.85,81.07
26828.24,2703.89,34.05
26376.22,4308.02,-176.00
26931.54,2552.93,27.26
26361.86,4173.73,91.96
26360.17,4129.21,279.21
26360.04,4173.56,135.10
26982.52,2597.01,19.07
26299.25,4119.02,267.58
26289.92,4156.25,74.82
26630.95,2814.44,46.90
26262.13,4129.54,177.94
26895.97,2668.91,8.40
26331.97,4261.19,59.38
26285.45,4186.06,-15.56
27911.73,4135.25,-44.82
26313.83,4164.75,73.84
26961.66,4659.87,-45.49
26235.66,4260.20,-42.14
26908.82,2775.15,40.38
26896.78,2779.88,4.58
26321.35,4117.88,-102.19
26257.53,4142.22,-6.96
26257.28,4239.03,50.32
27774.84,3331.26,-177.14
26187.71,4220.59,143.48
26241.51,4224.95,48.58
26274.76,4233.45,-27.55
26293.47,4205.93,33.78
26331.61,4215.43,36.96
26273.29,4250.58,9.39
26253.96,4181.58,53.77
26249.66,4247.32,-139.70
26280.14,4188.84,198.64
26349.05,4189.27,-103.55
26324.35,3953.99,-64.81
26300.66,4130.56,98.36
27846.66,4328.76,144.01
26891.76,2773.98,-154.40
26314.61,2941.82,81.98
26312.19,2892.93,9.89
26336.82,2903.54,13.90
26836.29,4058.45,77.20
26321.86,4173.62,-73.38
26319.87,4204.76,46.54
27176.14,2723.75,81.67
27107.51,3208.64,71.86
25978.60,3258.35,152.97
26398.37,2983.51,213.88
26387.34,4387.13,-28.38
26441.60,4639.95,-45.37
27690.41,2918.02,-83.98
26263.86,2993.34,191.33
26552.23,2900.54,330.45
26663.91,4533.56,-126.14
26592.29,2790.28,31.35
26999.96,2615.80,279.64
26966.82,2611.87,26.94
26479.99,4556.31,18.87
26453.92,4634.65,-65.90
27892.13,3769.56,-115.80
26413.62,4646.69,9.05
26448.22,4619.81,0.80
26567.00,4386.42,44.85
26582.34,4276.28,1.45
26618.63,4339.75,-101.26
27532.77,4488.17,-120.87
26340.69,2933.97,21.38
27878.29,4317.92,-77.20
26330.19,4549.54,42.78
27847.29,4355.25,30.22
26364.97,4540.67,-49.07
26265.43,4604.72,10.59
26770.04,2757.73,-286.70
26499.44,4455.15,-95.39
26044.45,3239.93,31.56
26297.27,4581.80,73.15
27848.48,4324.41,12.29
26305.68,4559.47,-29.63
27855.70,4362.01,-142.44
27883.34,4311.22,-41.21
27838.16,4308.70,32.70
27843.07,4333.73,-129.24
26789.31,2750.98,69.87
26281.12,4426.54,-153.76
27735.06,4385.08,-22.54
26351.07,2895.40,47.95
26344.95,2879.26,62.96
27965.53,3691.12,288.09
26348.10,2912.18,84.90
27760.56,4445.37,-160.51
27493.56,4617.45,-91.90
27485.77,4616.70,-170.59
27476.17,4611.05,-73.04
27103.27,2678.84,52.37
27030.88,2709.39,70.24
26900.64,2770.69,34.59
27953.63,3718.95,-19.02
27940.27,4123.46,-117.88
27369.44,2816.03,-4.82
26265.69,3006.73,-21.06
26283.39,2925.61,-140.03
27723.48,4400.19,-158.84
27725.41,4381.64,-11.32
26038.85,3852.34,230.64
26106.20,3876.68,20.36
27676.09,4452.64,177.69
26410.01,4497.73,1.03
27672.70,4441.94,-20.31
26448.67,2853.60,37.62
26379.76,4237.74,11.11
26356.65,4544.65,122.25
26297.72,4569.52,11.11
26533.12,2808.18,114.59
27842.75,3146.49,-284.34
26582.35,2788.79,-119.69
26455.27,4406.00,93.23
26336.39,4550.51,34.77
26845.87,2722.35,20.92
26827.46,2742.27,17.15
26819.76,2752.98,66.61
27686.39,4427.22,27.53
26286.38,4567.04,20.92
26098.60,3020.04,103.32
26124.48,3034.91,74.03
26126.99,3022.60,68.15
26506.84,2841.21,-39.73
26390.21,4408.83,64.11
27455.25,2906.00,46.59
27509.73,2820.40,-160.65
25929.02,3580.07,-166.42
26320.75,4538.39,8.80
26353.54,4568.28,8.11
26597.92,4386.75,-3.25
26471.43,4030.45,212.72
26659.77,4423.70,-4.21
26660.28,4441.60,-20.78
26703.43,4491.97,-230.32
26326.22,2895.88,46.76
26463.12,4421.13,-24.70
27198.09,2787.35,209.93
26184.19,4261.65,300.02
26418.00,2862.39,78.26
27006.18,4019.08,32.63
26382.14,2865.79,99.83
27673.71,4469.02,-36.82
27674.76,4408.80,21.69
27672.49,4529.29,-183.86
26398.45,4525.54,16.51
26755.48,2770.80,71.38
26489.27,4359.87,39.70
26271.65,3886.68,31.10
26915.44,4185.79,-68.15
26552.12,4353.82,63.42
27733.48,4387.42,167.77
27753.55,4399.65,-49.32
27814.65,4372.24,135.82
26589.38,4539.38,142.95
27704.19,4384.09,9.32
26799.10,2578.45,121.05
27702.50,4365.28,47.79
27759.47,4395.50,77.02
26287.12,3005.88,150.95
26315.40,4582.01,28.64
26311.01,4567.28,29.68
26300.35,4570.93,-12.39
26326.66,4545.42,40.59
26483.10,4465.06,-91.03
27166.95,2742.70,14.37
27774.99,4292.98,-159.16
27820.65,4462.32,-179.92
27890.97,4311.77,15.60
26911.36,2853.35,-236.98
27224.11,4701.72,-21.72
26844.96,2635.00,162.36
26818.51,2612.40,45.92
27252.77,4654.84,19.17
26379.04,4310.01,-10.72
26436.58,4369.57,-30.23
26337.59,4271.46,-57.29
26528.46,4284.10,35.26
26844.92,2825.63,29.39
25941.91,3600.18,18.41
27889.13,4340.50,-62.80
26834.17,2747.40,-12.88
26823.93,2674.53,-77.63
26113.67,3005.62,21.44
26796.91,2756.19,39.03
26818.95,2777.56,36.90
26691.31,2868.71,-267.37
26490.43,2953.35,241.14
26375.08,4350.76,-4.18
27362.68,4413.76,-31.95
27713.22,4427.52,53.93
26643.88,4374.79,254.55
27688.41,4420.42,-10.25
27739.39,4452.36,19.45
27966.40,3961.69,-125.29
26231.96,3843.44,-173.47
26760.94,4532.68,25.35
26731.43,4483.70,4.78
27898.60,4366.72,-130.51
27585.89,3047.73,258.88
26617.54,2766.41,46.71
26624.25,4027.05,-76.34
26645.69,2781.55,40.32
26509.19,4317.89,-172.11
26664.13,4561.54,-24.75
26339.74,4557.53,33.93
27150.23,2780.85,37.89
27498.31,4593.82,49.65
27475.09,4648.94,183.11
27148.19,2793.84,57.56
26360.43,4624.52,-58.89
27929.81,4082.31,-188.48
26371.92,4630.16,-1.59
27017.29,4009.84,57.68
27006.99,4026.32,28.02
26431.93,2872.72,86.58
27830.94,4291.52,-135.32
27867.72,4298.57,-2.69
26858.57,4040.63,41.51
26822.10,2758.22,26.23
27972.86,3881.50,36.86
27924.27,3883.94,-15.32
26745.74,4502.99,-62.02
26629.31,4542.47,66.11
26647.33,4570.47,-3.54
26645.72,4483.53,63.54
27832.25,3242.29,-222.05
27349.10,4432.99,48.35
27910.85,4255.63,-171.68
27933.29,4111.34,-161.33
26406.01,4569.35,-16.32
26539.93,2803.47,65.31
26570.41,2804.41,33.92
27873.41,4340.84,-3.59
27970.42,3574.86,131.02
26995.03,4020.03,88.13
26116.45,3025.78,24.03
26310.93,2948.37,85.02
27868.91,4390.81,-288.93
27154.54,4738.72,-184.33
26099.24,3088.65,28.91
26873.52,2592.43,-3.95
26220.85,3037.80,235.12
26526.26,4470.83,27.83
26866.77,2595.17,-82.63
26590.41,4082.08,51.82
26630.93,4048.43,11.21
26644.20,4060.59,15.93
26941.28,2584.08,28.98
26440.46,4560.09,-41.08
26644.14,2817.62,-254.52
26774.76,4087.15,23.88
27476.42,2932.49,-75.20
26719.48,4490.76,-77.23
26646.17,2626.98,-133.12
26530.24,4599.60,-21.95
27228.74,4703.87,1.33
27698.65,4400.31,62.64
27736.44,4409.76,37.91
27706.26,4442.27,110.72
26600.57,4567.51,-109.80
27920.81,3838.89,-53.54
27894.51,3788.22,-114.72
26757.90,2745.87,41.65
26776.40,2728.11,54.40
26776.07,2729.85,-9.11
26700.88,2772.96,56.34
26717.20,2766.80,94.43
26068.65,3087.05,112.34
26106.57,3072.61,46.21
27921.82,3843.91,-117.33
27947.43,3783.46,-36.34
27868.43,4267.39,-118.09
27642.71,3796.23,-61.43
27587.47,3010.45,-84.03
26412.23,2834.22,35.79
26392.38,2895.68,297.59
26888.65,4663.23,-27.88
26897.41,4654.97,40.78
27443.79,2695.51,46.14
26556.96,2862.74,200.22
26828.56,4041.66,56.57
27564.02,2958.95,-209.36
26824.62,2778.70,10.39
26832.68,2760.17,19.73
26992.86,2787.07,265.32
26820.72,2763.55,70.69
26108.35,3097.14,229.57
26118.38,3090.55,109.28
26880.29,4686.91,-34.78
26701.22,2615.46,-158.21
26632.66,4088.11,40.68
26079.72,3838.87,245.67
26276.30,3002.60,71.64
27460.77,4480.44,25.91
26817.53,2967.36,54.16
26744.56,2797.13,75.46
27920.17,3714.71,-200.56
27732.25,4401.77,-130.67
27753.88,4373.73,-28.75
26363.77,2911.26,70.17
27044.77,2709.14,14.10
26629.71,4344.86,-6.62
27942.53,3494.07,-68.57
26651.45,4067.45,47.08
27289.32,3495.43,28.77
27699.18,4449.77,96.54
28036.32,4064.86,247.44
26627.65,2808.68,47.43
26876.41,4585.88,-31.73
27688.82,4370.66,45.26
27106.14,4681.71,78.17
27081.07,4697.38,26.92
26560.89,2783.75,24.56
26582.90,2793.60,43.89
26500.69,4329.65,49.17
27934.71,4188.70,-145.56
27550.87,4561.59,94.20
26722.81,2818.93,-203.56
26328.60,4357.89,46.57
26308.43,4356.49,-6.06
26034.02,3146.52,252.16
26046.08,3237.55,-44.53
27749.77,4403.88,72.95
26170.08,3951.07,45.29
26186.39,3967.70,108.01
26420.28,4299.90,-46.97
27974.14,3626.51,-147.04
26929.62,2598.20,78.77
26260.29,3042.72,46.92
27973.09,4160.63,52.93
26569.78,4501.71,293.79
26767.23,2582.88,22.63
26462.05,4388.02,65.07
26556.98,2765.84,12.15
28065.47,3562.67,230.03
26108.87,3056.81,97.94
26950.78,4602.39,11.92
26972.62,2560.54,59.84
27626.42,3057.93,50.64
26377.00,2893.82,67.02
26078.60,3853.74,62.52
26592.80,2806.94,64.07
26603.89,2810.59,38.25
26056.62,3848.91,-60.58
26573.43,4304.49,23.29
26903.85,4529.93,16.23
27810.74,4345.71,36.83
26695.43,2850.60,62.48
26817.36,4091.02,112.62
26773.63,4078.53,143.50
25931.50,3900.29,-169.62
26434.81,4611.35,-283.63
27903.24,4292.91,74.48
27670.64,4418.96,-9.06
26284.01,2952.61,57.66
26300.23,2953.66,45.06
26294.11,2952.63,-6.57
26221.52,2929.59,127.62
26316.13,4596.94,-58.81
26749.88,4637.96,25.99
26767.15,4649.93,-30.31
26775.89,4668.50,-134.69
27724.53,4453.87,214.04
26403.60,4291.10,-101.71
26411.75,2864.47,79.06
26417.48,2885.31,33.48
26427.32,2874.84,63.29
26431.01,2884.80,27.97
26441.73,2869.68,43.53
26428.62,2877.32,40.56
26410.93,2862.88,28.26
26408.01,2888.01,52.26
26411.35,2877.02,67.75
26665.55,4514.29,-191.88
26250.89,3024.11,187.85
26068.67,3148.32,105.22
25952.54,3641.44,33.25
26832.37,2772.41,66.99
26295.56,3019.04,70.34
27440.13,2923.70,65.54
27199.67,4778.38,-69.33
27870.55,4346.85,-18.88
27926.32,3832.83,-167.22
26810.54,2783.65,-6.11
26699.80,2854.00,167.80
26818.65,2776.17,56.33
26837.68,2769.05,45.94
27946.88,3712.49,-73.00
26803.27,2766.73,135.56
27460.64,2910.45,9.16
25960.48,3325.87,158.42
25947.09,3327.64,206.42
27119.64,3194.52,27.23
27191.83,4768.60,-39.17
27155.75,4800.42,-140.28
26076.46,2996.56,158.82
26439.21,4505.58,201.38
27136.52,2726.65,46.19
26525.75,4544.10,52.58
26754.18,2782.09,191.26
26806.83,2767.40,97.20
26829.08,2774.79,27.85
26807.83,2779.04,192.09
26832.18,2765.41,34.51
26837.63,2752.35,24.20
26409.20,2857.84,26.32
26344.87,3023.71,-50.93
27361.95,4417.29,-136.00
27912.50,3726.37,95.77
26672.55,4641.96,-115.99
26691.90,4625.43,-77.92
26828.55,2780.82,48.74
26813.17,2766.77,16.73
26831.43,2768.16,26.31
26814.80,2750.77,41.25
26473.32,4302.17,-47.12
26423.80,2872.94,37.49
26419.95,2868.89,64.44
26461.51,4365.40,13.17
26447.55,4486.55,-27.60
28039.04,4113.67,-40.65
26922.61,2781.46,79.46
26884.41,2803.63,105.36
26888.61,2781.57,75.86
26593.92,4477.36,30.00
26800.57,3020.89,44.30
26385.05,2853.13,-82.10
26445.03,4400.98,-237.47
26423.23,4414.49,25.48
26515.66,4443.72,48.89
26678.85,2850.09,54.72
26695.89,2848.86,28.86
27890.00,4363.83,171.41
27886.61,4368.79,-91.80
26334.05,4440.44,-157.99
27935.26,3249.60,-63.89
26284.85,3028.20,103.25
26807.41,3012.40,94.46
26781.54,3003.21,138.11
25903.60,3949.96,-147.22
27082.01,3200.37,68.64
26308.14,4438.62,-77.78
26420.24,4472.02,44.01
27909.06,4368.54,-62.21
28006.19,3913.79,189.65
27225.19,4816.56,-236.27
26681.36,4469.14,221.28
26872.48,4515.94,11.45
27505.28,2884.00,-289.33
26329.71,4345.03,25.65
28067.44,3712.75,272.42
26551.37,4622.84,-113.21
26544.90,4550.15,-91.90
27818.60,4406.02,-52.47
26053.92,3115.70,207.06
26075.50,3130.42,90.98
26959.30,2573.62,208.09
26282.67,2959.28,42.75
26281.22,2963.14,122.16
26776.96,4623.23,-90.63
25966.86,4012.01,-10.63
26814.52,4700.65,-245.20
28024.56,3731.18,219.77
27829.01,4314.98,20.48
26852.19,2745.92,-8.97
26827.38,2761.47,216.54
27895.93,4359.51,-33.32
26830.54,2722.24,-14.46
26829.46,2744.82,32.82
26842.23,2768.32,25.99
27881.36,4356.74,-129.57
26794.57,2751.95,209.62
27893.57,4253.92,-22.34
26840.26,2758.26,16.09
26823.91,2772.17,97.88
26808.36,2734.92,182.40
26819.29,2786.92,109.51
26884.11,4715.21,-46.76
27689.62,3065.06,-111.33
26474.45,2786.12,-31.90
26332.71,3043.11,43.80
27791.09,4332.15,-122.26
27941.98,4066.73,-111.86
26853.04,2771.83,158.59
26060.40,3115.69,242.66
26055.64,3096.65,148.32
26219.34,4365.61,242.33
27265.53,3280.35,-185.44
27185.85,4708.71,-125.89
27967.16,3707.58,44.70
26963.92,4156.49,53.82
26576.51,4539.85,46.39
26894.14,2836.96,57.94
26701.12,4576.16,225.59
26834.76,2670.00,-33.44
26186.61,3929.14,63.09
28013.52,3773.53,217.43
27198.82,4654.33,52.22
27189.60,4657.94,-120.30
26694.40,4565.40,7.32
26693.03,4649.43,-117.35
27830.02,4371.16,79.83
26670.25,2632.24,-154.35
26361.71,4590.03,86.86
26709.19,2621.50,7.44
26717.54,2647.43,-17.14
27748.17,4373.05,13.85
27058.74,2724.69,14.17
26884.06,2818.68,55.17
26782.52,2709.06,96.05
26896.70,2806.19,56.36
26899.43,2789.55,83.68
26891.32,2792.41,134.11
26422.32,2914.22,29.77
26437.37,2873.42,87.91
26438.86,2866.18,73.62
26432.88,2888.22,141.06
26888.34,2767.08,21.43
26931.69,2768.47,0.25
27732.93,4464.10,242.68
26018.47,3271.88,212.10
26837.69,2763.36,67.56
27756.63,3472.90,-108.15
26849.48,2751.09,20.01
26268.56,2999.16,104.12
26281.13,3020.35,45.26
27131.42,2781.15,49.59
27113.56,2820.15,197.43
26039.23,3224.65,-45.65
27052.60,2713.61,65.23
27811.40,4368.67,-162.59
26687.26,2920.91,263.74
26564.19,4517.09,-136.03
26560.14,4574.21,-77.76
26712.38,4580.16,-4.17
26660.66,4560.92,-227.82
26710.44,2773.04,31.38
27757.10,3385.69,-127.24
27926.67,3970.46,-134.68
27785.35,3358.43,-58.67
26287.12,3014.03,250.03
27907.40,3811.88,-156.61
27707.85,3043.98,-152.19
26572.11,2792.68,93.61
26633.65,2817.82,50.69
26552.86,4464.27,32.78
27116.33,2785.17,68.77
26596.53,4436.05,-18.14
27859.95,4344.02,-51.73
27021.08,2739.66,55.74
27718.86,4392.78,43.26
27471.82,2898.54,73.11
26497.03,2795.87,19.13
28012.65,3727.98,264.72
26664.75,2784.15,31.55
26894.45,4663.83,27.78
26878.61,2565.05,-47.62
26953.19,2581.41,67.37
26934.36,2592.15,184.96
26542.38,4498.61,117.76
26484.47,4550.37,-258.11
27971.51,3939.07,184.84
26201.38,3970.76,213.44
26662.83,4447.85,415.26
26390.47,4461.14,77.54
26366.72,4371.91,-36.90
26325.54,4404.61,-61.50
26348.90,4409.50,6.09
26396.37,2845.34,19.91
26264.54,2978.06,44.72
26415.54,4388.15,-33.88
26192.75,2937.59,-228.50
26274.62,2953.73,40.91
26875.07,2778.06,35.67
26876.64,2760.31,95.46
26884.43,2744.82,38.24
26922.75,2776.42,94.29
27731.19,3126.11,-12.29
26902.86,2785.73,37.71
26931.28,2774.20,34.47
27197.01,4672.76,-35.67
27279.68,4661.08,168.44
26905.91,2570.15,22.61
26943.35,2577.48,37.47
27962.51,3614.99,81.61
27986.17,3575.55,308.38
26427.21,2867.76,31.35
26422.69,2859.11,41.56
26412.30,2865.21,-10.17
27886.56,4097.97,-156.47
26419.38,2858.90,34.62
26410.69,2868.23,25.24
26409.40,2869.49,38.95
26418.55,2862.82,17.57
26769.16,2729.12,32.72
26056.70,3240.49,14.51
26065.82,3249.07,41.43
26170.70,4348.13,-44.62
27142.80,4760.42,-6.55
27173.49,4715.26,27.76
26795.45,3005.85,29.78
27180.04,4735.39,-24.32
27461.27,2924.94,10.95
27466.00,2902.88,139.42
26752.59,3012.89,42.65
26101.40,3094.95,237.37
27201.81,4720.44,41.45
26420.13,4479.12,182.18
26364.15,4516.12,-122.22
26116.93,3105.95,85.51
26163.58,3931.63,205.26
26688.50,2689.63,-124.58
26789.31,2725.21,48.62
27436.12,2885.01,28.51
26759.98,2756.20,30.34
26774.66,2750.73,72.79
26729.83,2751.69,70.93
27691.24,4494.36,-63.19
26171.64,4240.95,-181.68
26603.07,4565.21,20.49
26943.74,4146.20,106.50
26339.71,4475.41,-59.49
27842.58,4358.07,-51.72
27855.23,4355.22,-15.01
27880.37,4369.06,-80.90
27091.48,2770.22,54.88
27336.76,4414.22,-120.70
28040.05,3736.08,273.99
27924.52,3810.32,-42.63
26011.65,3436.83,59.20
26487.33,2812.80,8.68
26630.34,4649.79,-136.03
26835.09,4694.20,-218.39
26474.96,4418.97,51.69
26373.34,4443.07,-10.22
26294.67,4548.76,-143.97
27965.21,3847.22,231.54
26031.49,3230.72,137.35
26728.27,2860.25,102.08
27922.83,3847.47,-181.55
26685.81,2919.67,203.85
26692.43,4611.33,-39.02
26682.66,4620.58,-109.58
27473.40,2918.82,16.46
27504.71,2910.84,-246.53
26743.60,4670.81,-164.21
28038.80,3693.29,283.16
27848.89,4370.43,-38.93
27963.27,3687.52,154.73
27967.92,3648.37,130.98
26262.44,2970.75,-281.84
27806.23,3209.06,-162.79
26882.90,2731.17,-132.66
26901.39,2795.42,89.88
26863.51,2775.48,13.40
26603.86,4459.91,114.13
27897.91,3752.67,-119.60
26062.66,3200.12,188.09
26294.30,4368.25,-151.38
27924.78,3788.49,-106.36
27849.85,4316.22,-25.15
26521.88,4408.42,62.56
26549.23,4433.16,244.21
26427.36,4430.02,288.16
26819.39,2764.47,30.01
26911.93,4685.34,-182.79
26810.76,2761.22,46.73
26844.20,2764.63,30.58
26833.13,2777.00,78.17
26840.91,2772.44,28.85
26842.78,2787.28,46.99
26839.40,2779.49,88.35
26656.40,4630.80,38.15
26774.93,2877.17,106.21
26689.03,4574.26,22.10
26896.93,2782.76,24.03
26937.78,2760.20,21.52
26943.16,2753.93,48.92
28019.09,3584.85,220.26
26566.81,4539.62,-69.62
26656.48,4587.08,60.32
26043.47,3245.58,-3.69
26377.00,3506.05,-83.54
26347.80,4379.66,-79.22
26671.40,2752.68,24.96
27898.78,3814.66,-88.23
26574.21,4348.56,48.87
26578.97,4402.02,-9.81
27725.48,4562.62,95.83
26633.03,4477.88,65.24
26678.20,4521.86,-170.81
27077.12,2816.30,18.94
26916.82,2563.20,-4.08
26962.23,2607.51,74.37
26364.02,4444.16,59.81
26918.30,2589.14,8.74
26100.54,3112.64,71.20
26343.75,4472.94,-178.28
26049.86,3165.70,242.77
27345.33,4263.29,126.78
27396.17,4243.04,127.88
27387.36,4288.78,265.30
27079.70,4707.00,436.42
27428.43,2919.97,6.00
27927.79,3743.11,77.83
27964.69,4276.01,-179.16
26208.62,4246.45,-95.68
28037.14,3766.81,249.71
26401.99,3544.77,23.46
26996.77,2611.42,122.07
26759.06,2813.16,-65.46
28071.92,3624.04,253.55
28044.90,3643.09,186.54
26593.59,2815.47,41.32
26667.64,4551.22,-18.02
26845.17,2778.91,30.67
27063.72,2825.22,41.57
27973.03,3891.59,273.00
26422.30,2950.54,233.98
26906.76,4785.71,-235.26
26304.96,4553.00,72.82
26282.91,4605.00,-18.01
26320.73,4599.80,53.04
26550.61,2787.27,2.55
26466.37,4463.60,3.16
26402.18,2840.85,37.44
27775.38,4410.00,91.03
28034.87,3745.94,184.89
26525.35,4327.49,34.74
26062.01,3845.47,134.98
26044.38,3839.07,212.53
28026.39,3797.86,244.82
26494.37,4373.17,-63.96
27908.46,3706.12,63.64
26318.46,2921.86,123.27
26288.14,2958.12,48.39
26937.07,2763.07,37.80
27728.71,4399.32,39.40
27719.11,3453.08,-170.80
26266.73,3037.29,71.81
27698.11,3487.72,-106.88
26917.75,2748.67,65.08
26571.44,2831.24,111.25
26809.31,4122.72,63.19
26717.72,4590.67,34.61
26950.79,2728.68,32.60
26934.53,2758.61,31.28
26939.16,2754.54,41.11
27408.43,4394.31,-197.06
28042.86,3753.11,159.83
28026.38,3739.20,287.75
26456.20,2847.04,-239.30
27447.28,2685.67,206.44
26280.13,3075.89,61.40
26266.36,3075.13,-14.50
27807.67,4382.75,100.10
26381.02,4362.74,-7.24
27041.02,2890.50,0.34
26369.42,4401.89,-51.56
26795.20,4753.92,-179.27
26353.91,4471.64,25.71
27205.98,4724.76,-170.64
26530.58,2830.40,-219.74
26591.36,2843.81,251.68
26586.57,2816.74,233.37
27460.27,2938.62,19.09
26355.47,4424.27,26.80
26048.71,3157.72,148.12
26285.79,4451.56,40.56
26617.42,2819.47,97.37
27798.38,4462.49,383.34
28050.01,3737.50,221.06
26577.38,2837.32,68.72
27996.99,3705.23,218.50
27941.77,4054.99,-125.85
27926.50,3983.33,12.50
27933.05,4032.14,15.88
27809.98,3239.06,-178.00
26399.33,4391.12,-39.95
27604.75,4579.47,-26.74
26908.87,2600.10,66.21
27164.34,4742.72,-36.62
26404.03,3546.65,-158.29
26339.55,4639.32,63.48
26370.25,4606.61,-19.87
28037.09,3560.71,85.41
27052.82,2752.77,54.28
28053.79,3752.60,-270.19
26130.64,3836.59,-47.55
26218.39,2998.08,295.86
26842.13,2870.99,200.36
26636.28,2809.34,88.80
27947.58,3911.55,103.55
25992.90,3638.75,55.52
26814.45,2606.15,-25.84
26664.55,4621.30,1.32
26696.54,4624.36,-66.81
26639.54,4578.18,142.26
26620.70,4556.39,80.70
26779.39,2743.22,9.92
26256.26,4472.81,-58.98
26261.45,4384.38,-55.10
26638.69,2810.61,33.02
26203.89,4472.74,-54.95
26266.52,4433.73,-107.28
26445.88,4482.54,-133.08
26396.77,4439.40,79.52
28123.17,3661.98,232.75
26411.49,4362.24,-85.89
26056.78,3250.22,185.47
26771.77,2668.94,-6.01
26799.49,2682.51,-3.71
26385.31,4613.80,5.84
26318.30,4570.50,73.94
26455.31,2884.16,127.35
26460.23,2881.01,96.43
26422.30,2869.87,1.83
26410.63,2872.54,42.77
26390.03,2854.85,-58.96
26690.45,4608.73,-33.47
26728.48,4667.91,-232.78
26538.19,4473.48,44.24
26524.63,4521.23,23.36
26251.85,2956.21,2.11
26305.27,2964.49,41.22
26329.62,4398.25,76.38
26334.00,4344.78,5.07
25982.85,3696.11,-98.99
27825.07,2952.48,-22.30
27284.01,3454.35,-33.72
27879.12,4333.09,-19.22
27861.92,4381.53,-146.67
27857.36,4332.14,100.95
26590.62,4641.18,-126.82
26816.87,2772.15,30.95
26829.58,2773.70,40.05
26826.16,2755.31,40.93
26320.03,4368.75,-7.31
26437.91,4386.66,233.13
27732.06,4462.49,121.76
26022.71,3271.62,-55.92
27696.00,3954.83,102.23
26443.31,4361.59,-163.74
27949.71,4166.67,-95.29
27853.04,4377.30,64.74
26136.37,3002.50,259.44
27980.49,3885.82,212.08
27997.62,3882.59,286.52
26495.45,4415.27,153.18
26674.40,2788.54,-6.17
26679.65,2816.05,22.97
26695.16,4691.62,-284.04
26686.85,4599.06,-43.99
26008.86,4080.58,-131.39
26303.12,4212.24,83.44
26135.30,4149.07,297.27
26313.19,4526.28,-110.72
26516.05,4560.53,18.42
26536.14,4563.06,-29.35
26568.75,4538.41,45.22
26554.73,4566.17,63.34
26593.16,4574.05,-119.33
25952.22,3192.16,257.37
26467.33,4413.58,84.59
27949.74,3979.71,285.55
27180.28,2741.30,19.97
27174.83,2757.15,22.11
27156.21,2767.85,36.53
26489.61,4457.98,29.09
26083.57,3237.36,42.36
26003.46,3213.54,-126.42
26442.29,4363.87,64.53
26739.17,4138.32,81.99
27775.21,3417.68,-124.11
26532.99,4279.35,-32.28
27085.10,2803.85,57.54
27802.32,3099.85,-222.88
27422.04,4592.26,-23.86
26758.05,2693.66,-11.33
26250.23,4375.86,38.24
26887.60,4727.63,-35.63
26907.34,4775.30,255.70
26543.11,4401.50,78.67
26201.40,3009.95,-29.86
27976.32,4285.81,-127.89
26005.61,3160.65,241.19
26380.38,3535.00,-22.45
26512.56,4329.04,-5.16
26488.71,4406.82,20.38
26455.38,4374.88,19.12
26983.53,2670.96,-36.43
26850.05,2655.52,167.23
26213.79,3012.31,-199.19
26486.32,2819.17,4.91
26801.71,2784.78,204.52
26835.36,4086.18,55.79
26399.38,3542.91,-18.47
26389.66,4485.67,-112.77
26390.82,4418.84,68.26
26378.95,4467.41,-11.46
27851.48,4345.45,239.23
26672.43,2862.92,-0.61
27938.38,3979.65,-59.83
26339.97,4611.27,16.82
26404.57,4555.74,-3.86
26768.80,4446.89,-74.14
26277.94,4583.40,-28.78
26319.09,4454.42,71.24
27068.08,2844.81,32.37
27032.80,2890.46,174.20
28011.69,3747.77,249.42
26188.89,3951.46,178.11
26491.19,4380.33,-13.91
26534.66,4383.69,78.45
26430.48,4427.11,227.18
26235.77,3031.46,53.58
25972.45,3663.19,-9.87
27327.57,4331.89,-72.82
25997.72,3116.45,180.34
26612.34,2952.20,125.49
26686.71,4625.64,-242.94
26680.64,4574.12,44.15
26683.77,4567.31,36.88
27930.42,3755.53,81.85
25896.34,3778.38,236.47
27029.73,2861.33,85.78
26092.11,4197.52,-155.20
26682.73,2796.34,29.69
26689.91,2794.72,12.40
26661.17,2764.24,11.25
27255.39,3439.26,-163.80
26545.46,4378.17,-11.49
26302.19,4574.32,-5.57
25970.75,3196.05,120.54
26355.29,4437.19,85.52
26506.73,2801.27,31.15
26478.96,2814.04,-1.44
27520.48,2908.14,233.75
25976.77,3642.35,-182.75
26602.94,4512.75,15.95
27466.96,2968.27,10.31
26800.09,4653.42,-228.05
26770.42,4609.04,25.12
26697.69,4590.13,77.95
27601.41,4308.16,89.01
27714.55,4468.08,-244.54
26741.00,2914.86,26.88
26328.99,4300.72,110.77
26079.38,3878.08,55.11
26033.25,3877.70,228.33
26071.62,3888.12,103.97
26033.03,3887.56,-266.86
26826.96,4684.03,18.40
26800.43,4730.33,-101.61
26917.88,2794.30,49.81
26311.90,4439.47,-157.73
26327.97,4414.73,-87.57
26335.56,4464.25,-70.27
26337.40,2962.63,-61.22
27622.31,3075.97,70.40
26340.78,4354.77,124.95
27673.57,2869.91,-226.18
27714.88,2977.10,-281.49
26882.45,4698.94,120.32
26460.59,4486.24,38.48
26044.23,3223.77,-215.97
26557.35,4465.00,53.22
26480.07,4409.06,46.72
26660.00,4596.67,19.77
25997.04,3131.97,290.04
26836.73,2754.24,67.43
27161.52,4763.87,-47.86
26845.38,2757.90,19.66
26827.50,2744.94,38.72
26822.54,2742.92,28.73
26831.80,2749.08,15.31
26833.64,2755.79,48.26
26833.10,2751.96,30.58
26838.71,2781.25,36.35
26844.52,2788.85,29.04
26440.98,4453.28,-19.54
27722.58,3489.82,-68.63
26566.02,2797.70,38.70
27981.38,4056.83,-172.28
26221.92,4216.28,232.90
26193.85,4378.53,-69.43
26333.87,4377.29,85.45
25952.16,4077.19,-79.88
26674.12,2597.38,-66.02
26790.96,4633.48,14.69
26015.64,3688.18,55.79
26315.74,4535.28,-40.68
26323.77,4354.77,-20.64
26772.79,2760.86,30.05
26371.80,4434.89,7.13
26780.11,2728.94,15.14
26377.59,4451.89,51.38
26763.45,2746.28,46.43
26022.63,3143.37,52.87
26960.03,4171.07,40.00
26819.63,4623.42,-190.86
26360.67,4410.43,-4.19
26080.40,3126.40,133.87
26304.88,4292.73,-152.04
26344.64,4627.31,10.86
26320.22,4636.53,31.76
26359.40,4404.53,-155.16
27955.69,4104.02,-142.33
26033.08,3238.44,-105.79
26233.91,4270.70,-28.96
26504.62,4373.59,42.68
26476.08,4409.09,107.33
26975.69,4162.02,48.80
26943.99,2576.49,262.82
26062.83,3256.99,-12.31
27968.89,3887.18,107.00
26815.30,4659.31,-48.05
26168.72,4263.79,80.71
26796.50,4643.30,28.88
26861.11,4659.98,-116.18
27094.27,2826.64,22.26
26367.72,4437.56,21.81
26450.13,4435.12,-21.22
26489.79,4419.18,67.05
26413.35,4426.90,127.21
26824.60,4676.32,-57.55
26862.52,4734.55,-135.43
28043.38,3564.45,190.06
26317.65,4528.49,-16.27
26318.92,4447.04,43.34
27817.35,4212.87,-228.36
28055.63,3768.41,246.83
28006.97,3755.32,237.46
26754.71,2782.57,-29.78
26740.09,2741.99,-88.20
26933.43,4638.62,-292.91
26671.07,2802.93,43.83
26293.42,4429.11,50.69
26310.55,4329.12,-45.97
26309.69,4423.75,-138.12
26379.49,4442.17,33.69
26512.48,4335.36,-65.53
26093.61,3892.17,135.96
26373.92,4430.30,10.82
26365.66,4416.33,-10.31
26361.46,4419.55,14.91
26308.72,4354.97,-10.47
26336.43,4428.59,20.52
26441.15,4507.25,209.82
26719.44,2706.93,137.51
28073.52,3565.33,260.78
28119.00,3675.29,197.68
26241.82,3944.56,110.05
26448.21,2800.22,-37.64
26518.95,4474.97,44.97
26526.69,4584.08,-75.83
26586.66,4561.94,-4.34
26609.28,4475.44,-39.66
26580.60,2818.44,41.64
26082.89,3127.94,113.16
26767.74,4659.21,-284.42
26530.09,4395.96,-23.51
26398.07,3528.29,-84.60
26358.61,4308.26,-79.51
26394.01,4435.26,28.92
26422.54,4471.15,35.13
26575.71,4612.71,421.89
26002.30,3937.63,150.80
26363.36,2906.66,-28.73
26938.79,4276.87,-265.80
26359.94,2871.34,60.28
27951.84,4126.12,-66.28
26098.48,3127.35,125.68
27962.85,4016.93,-156.14
26684.70,2821.94,21.54
26510.87,4430.80,11.78
26331.14,4333.79,-11.38
26307.52,4364.00,80.81
26339.21,4420.93,-56.02
27013.83,2744.65,316.89
27038.21,2730.52,62.81
27046.52,2746.15,62.12
27993.16,3737.00,258.59
26098.53,3144.97,119.62
27961.72,4010.27,166.00
26719.86,2831.85,140.86
27176.96,4775.56,-117.86
26585.99,4440.33,-124.92
27762.56,3398.02,-163.14
27721.44,3354.89,-102.25
26356.35,2899.55,34.37
26380.49,2889.73,-33.02
26045.46,3133.35,211.73
26422.54,4472.31,-64.56
26351.22,4267.53,105.17
26858.19,2813.28,209.67
26900.40,2794.54,78.33
26922.54,2816.16,86.26
26963.86,2822.53,43.75
26953.30,2813.20,91.26
27975.92,3958.23,-140.03
26833.85,4654.68,-279.21
26964.52,2752.25,269.09
27988.66,3947.46,296.43
26897.72,2760.20,116.77
27183.15,4756.66,-11.36
26783.39,2762.74,333.86
27945.70,3825.42,-154.83
27925.05,3835.36,-51.05
26339.87,4389.90,-51.72
26343.02,4433.29,29.63
26310.25,4418.59,101.39
27888.42,4321.59,104.93
27889.42,4284.02,-94.12
27897.17,4317.03,100.90
26744.17,2832.81,104.29
26800.58,2797.97,218.29
26896.28,2784.57,96.90
26883.04,2805.77,42.95
26905.99,2782.31,80.17
26379.35,4444.74,84.51
26490.11,2906.97,241.73
27038.59,2730.68,45.31
26355.00,4616.52,68.03
27652.79,4568.54,-250.89
26193.66,4334.53,49.59
26262.02,4360.92,-157.27
25978.08,3152.15,278.04
27988.47,3909.18,-189.38
25981.07,3131.98,303.33
26019.03,3137.67,149.38
26327.81,4521.97,-15.40
26308.69,4598.58,49.61
26495.19,4351.01,-49.10
26526.55,4373.04,14.22
26154.40,3181.25,227.72
26639.30,2829.46,70.02
26419.88,4404.28,117.04
26399.81,4574.38,47.66
26384.11,4424.17,-1.65
26332.70,4340.10,-130.20
27085.61,2728.28,275.12
26350.67,4377.71,-101.88
27024.40,2758.08,103.33
26497.42,4537.17,25.75
26427.01,4596.94,-33.03
26479.26,4467.42,-143.99
26407.19,4456.82,37.11
26532.16,4509.56,-66.86
26376.66,2849.81,-5.79
28021.96,3725.10,236.85
26383.54,4558.91,-110.24
26691.44,2775.20,36.84
26408.77,4426.42,37.03
26713.91,2784.13,33.58
26701.39,2750.24,-30.95
26458.55,4543.71,126.07
26425.74,4562.02,238.96
26372.68,4335.46,-7.07
27944.30,3661.85,-112.47
28034.40,3697.06,278.27
27990.49,3686.07,213.70
26868.60,2787.88,145.35
27593.79,4499.74,125.44
26551.61,4541.61,37.97
27993.21,3693.10,100.15
27439.16,4646.46,28.65
27982.93,3640.17,57.00
27989.43,3693.70,148.72
27997.29,3679.46,91.64
28021.59,3627.23,261.05
26811.44,2769.08,67.59
26723.30,4619.78,-23.43
26745.15,4673.30,-290.52
26526.30,4331.67,25.88
26468.50,4332.39,-34.83
26440.65,4365.18,70.43
26874.91,4699.84,45.18
28011.20,3661.98,136.62
26483.63,4450.02,64.76
26600.72,4542.40,14.23
26263.10,4444.92,-40.81
26705.97,4594.20,-1.30
26725.73,4588.96,38.02
26715.34,4603.28,22.10
27914.89,4034.13,-61.43
27912.71,4046.03,-17.67
27936.39,4023.00,44.52
26201.30,4301.01,-91.72
26480.46,4512.78,69.66
26361.64,4414.85,-27.73
26503.30,2812.88,34.85
27871.29,3156.04,-272.75
26848.64,2759.58,44.74
27736.40,3342.09,-188.08
26058.22,3160.27,191.90
27721.52,3358.08,-162.61
26028.31,3208.52,168.12
26833.29,2740.17,24.36
27786.24,4400.00,49.24
26367.51,4441.96,-30.72
26524.95,2836.58,28.10
27045.53,2785.43,132.02
26920.94,2753.39,67.66
26926.60,2777.86,74.32
26883.72,2780.00,59.35
27834.07,3300.66,-113.29
26340.33,4336.79,-38.67
26386.78,4394.92,-43.74
26579.31,2794.44,-19.31
26606.38,2782.71,1.20
26849.85,2746.93,24.96
26833.27,2749.41,42.66
26791.66,2755.92,96.35
27245.30,3450.83,0.83
25994.71,3993.99,191.37
25995.57,3132.20,85.85
26056.71,3114.81,252.63
27767.48,3155.38,104.56
27758.68,3138.16,-59.05
26181.61,3090.16,24.44
26128.56,3111.95,-177.17
26752.23,2732.98,14.68
27940.00,3825.16,-28.20
27941.60,3803.20,-59.81
27108.96,2806.58,53.53
26357.17,4373.00,27.45
26258.31,4360.42,61.78
26467.35,4486.45,45.25
26399.60,4443.68,21.18
26365.36,4361.33,51.20
26322.36,4396.76,7.16
26410.06,4464.83,-0.41
27725.76,3029.66,-212.21
26314.98,4397.26,5.22
26814.65,2724.51,61.78
26393.87,4445.27,33.81
26541.65,4426.72,-179.60
26548.53,4408.83,-21.16
26590.23,4496.82,153.01
27698.82,2953.28,200.31
28047.72,3798.21,295.45
27927.88,3800.11,-131.24
26578.22,4492.97,-264.31
26701.46,2860.37,37.34
27976.73,4080.48,3.75
26497.23,4370.93,-81.61
27863.26,3044.85,-273.73
26023.95,3518.46,35.22
25921.46,3637.72,122.92
26919.04,2779.15,90.80
26960.31,2757.70,75.15
27860.56,3204.73,174.56
27954.87,4041.60,53.87
26027.74,3121.11,-126.84
26034.32,3171.80,-40.75
26014.09,3128.07,263.81
26004.10,3162.95,-220.03
27959.48,4002.70,-231.88
26031.10,3127.64,3.47
26025.31,3113.89,82.02
27998.32,4021.97,90.07
26043.38,3133.61,304.77
26855.01,4082.79,215.85
27973.21,4200.33,-72.00
27985.43,4001.53,117.66
27987.35,4006.13,79.13
27950.13,3981.19,45.86
26365.81,4466.34,103.61
26912.97,2775.92,46.06
26892.27,2782.99,32.20
26948.53,2802.01,115.39
26961.88,2814.64,84.20
26938.96,2764.43,86.68
26314.97,4378.40,-66.14
26377.53,4468.44,-32.05
27917.01,4037.22,73.78
26481.36,4516.33,105.43
26580.39,4544.81,32.63
26027.88,3131.40,19.03
26583.78,4519.66,13.79
27961.90,4096.15,-120.24
27948.53,4112.65,-142.41
26762.05,2724.42,0.13
26519.77,2828.78,296.38
26763.95,2689.53,-96.35
25979.80,3149.86,-276.31
26395.85,4463.63,-71.05
26335.67,4385.03,-66.21
26006.98,3123.81,221.96
26329.20,4338.02,-155.34
26087.16,3129.91,293.93
26363.13,4371.59,-148.89
26063.74,3110.43,257.82
25986.23,3132.47,190.00
26361.22,4381.82,-127.68
27950.64,3755.75,221.64
27989.65,3767.67,290.74
26946.68,4619.44,51.34
27959.11,3786.83,37.60
26332.46,4392.99,50.16
26333.85,4442.46,48.03
27773.54,3114.99,-61.45
27923.36,3819.61,-9.65
27918.56,3810.79,42.23
26801.63,2668.70,236.48
27287.86,4723.68,26.68
27744.38,3414.33,-188.47
27424.50,4618.41,32.89
26880.69,4734.97,-239.70
27957.70,3798.16,32.64
26529.40,4425.66,-112.59
26563.72,4394.53,57.12
26213.67,4341.93,42.21
26259.67,4392.58,34.21
26171.85,4344.47,128.51
26244.59,4414.91,163.16
27905.34,3754.57,-192.14
27059.80,2707.41,59.56
25943.55,4031.90,-86.89
25988.19,4040.41,-70.43
26489.92,4413.48,91.24
27004.37,2630.79,33.47
27058.28,2728.42,26.13
26412.23,4391.25,-39.18
26444.67,4442.71,45.00
26344.32,4432.08,-120.46
27062.16,2748.97,88.01
27047.39,2732.60,10.50
27082.64,2722.81,37.46
27055.32,2707.90,82.76
26108.18,3851.04,-82.74
26070.44,3168.57,181.82
25954.88,3181.17,286.00
26341.73,2891.48,34.96
27803.79,3348.39,-199.29
27756.72,3302.50,-184.90
26147.63,4196.59,39.96
27958.63,3791.73,11.81
26101.57,3826.76,95.42
27938.83,3807.89,6.22
27950.70,4102.06,-67.81
27076.30,4737.21,36.26
27816.97,3299.98,-131.20
27825.15,3304.34,-85.18
27845.18,3299.27,-129.50
27858.28,3281.16,-226.49
27846.99,3270.90,-100.25
28036.36,3708.34,242.06
26060.95,3097.68,231.99
26558.94,4430.49,-34.98
26099.35,4270.68,-134.90
26832.47,4685.78,-263.43
26803.89,4747.96,-292.61
26858.52,2708.72,28.49
26803.18,2730.34,-227.12
26100.63,3123.35,46.69
26909.53,2580.39,46.60
27461.28,2941.56,67.16
26853.60,4720.32,-115.86
26848.58,4662.25,-299.25
27920.41,3813.46,41.61
27936.09,3804.71,18.23
26326.33,4409.58,18.87
26318.31,4431.58,-171.63
26849.36,2716.51,73.81
26335.93,4404.62,43.69
27991.01,3724.21,222.53
26479.37,4565.90,-67.26
26572.26,4585.22,16.29
26172.86,3180.08,-279.87
27946.37,3782.10,120.90
27973.28,3779.47,-54.80
27947.39,3817.90,-5.64
26338.21,4588.98,-23.67
27954.06,3796.67,77.17
27919.76,3814.62,-117.03
27715.56,3510.82,-142.12
26342.28,4427.67,37.36
28009.24,3765.40,294.96
27928.50,3802.45,5.89
27946.50,4044.38,-82.07
26326.67,4402.25,11.82
26277.77,4423.80,5.17
26317.01,4408.88,-43.16
26824.00,4652.05,26.41
26824.83,4662.51,-0.26
27319.52,4748.36,-43.41
27290.50,4750.96,22.92
26695.62,4618.26,69.38
26761.87,4768.62,16.69
27911.60,3766.48,-11.59
27897.96,3809.49,-109.68
27930.61,3832.59,22.91
25991.34,3805.87,-207.85
27048.68,2727.98,38.15
27746.42,3386.26,-171.67
27895.36,3738.87,-29.23
27296.54,4745.26,-116.31
27905.51,3791.49,-183.98
27893.20,3758.51,-169.14
25847.03,3382.17,247.03
27249.55,3444.92,-5.30
27253.47,3451.01,-39.24
27271.41,3471.72,-70.87
27265.59,3457.60,-87.26
26381.97,4398.23,243.58
27725.23,3099.59,33.71
26620.04,2781.91,19.86
26357.12,4622.50,23.57
28065.05,3736.61,308.03
28001.48,3750.25,33.36
26186.94,4139.25,-62.15
26215.29,4116.05,135.88
26273.30,4106.27,-12.10
26001.79,4145.77,38.22
26421.25,4245.99,58.41
26835.36,4669.68,200.73
26352.51,4365.72,42.42
27931.10,4087.74,28.53
26808.32,4666.59,-87.39
27934.04,4085.93,-85.73
26661.14,2670.94,143.71
26419.34,4438.94,-8.30
26364.29,4490.39,34.79
26419.31,4392.36,142.05
26359.13,4331.16,-78.25
27900.28,3761.73,-54.14
27914.32,3760.32,-70.32
27920.12,3804.11,-22.98
27930.38,3789.59,-39.02
27423.47,2948.55,216.43
27042.66,2836.06,112.93
27758.15,3329.63,-48.82
26304.90,3082.97,159.91
26095.34,3115.94,106.07
27780.54,3348.46,-67.49
26820.39,4058.86,57.09
26495.21,2819.37,55.05
26419.04,2850.52,31.55
26074.64,3811.22,49.22
26058.60,3777.47,211.52
25981.81,3632.36,-118.58
27748.39,3398.49,-167.40
26186.34,4312.32,-48.82
26158.34,4280.79,-12.57
26836.45,2750.73,53.93
26848.03,2756.30,28.93
26829.16,2748.02,23.03
26840.69,2749.42,24.30
26839.45,2735.00,126.10
26354.66,4251.41,47.48
26352.04,4240.80,61.39
26392.68,4249.06,33.37
26766.08,4592.24,-197.27
26341.20,4636.48,38.64
26153.71,4269.02,54.40
27903.82,3229.14,174.44
26185.87,3129.00,105.20
26338.67,4399.61,45.64
26757.20,2683.22,-19.52
26713.99,2663.30,-69.09
26403.19,4412.93,1.36
26366.86,4408.31,18.66
26821.62,2761.07,39.86
26414.92,4439.10,31.05
26824.39,2759.32,86.01
26802.71,2757.83,60.48
25952.66,3638.96,3.99
26312.53,4361.35,30.48
26314.33,4360.31,-146.20
26299.95,4344.97,-51.11
26292.57,4427.66,32.49
25904.41,3968.09,102.01
27301.89,2879.82,64.84
27744.67,3350.99,-37.56
26678.72,2819.12,8.74
26283.82,4351.82,12.45
26323.40,4381.29,12.82
26339.33,4345.60,26.34
26316.00,4252.11,83.22
27735.16,3102.05,-107.71
27752.29,3106.93,-104.60
26394.97,4408.68,39.54
26402.06,4497.68,27.39
26545.71,4313.22,-17.29
27918.25,3753.27,-121.51
26323.83,4515.70,-102.45
26375.86,4424.91,104.39
27666.97,2932.12,-92.97
26907.52,4676.44,30.99
26465.03,4406.87,46.62
27939.45,4091.28,-107.18
27343.05,4457.23,-132.63
27326.05,4434.88,-108.61
27715.79,4414.81,-0.80
25969.99,3626.22,9.57
27973.11,4029.77,-45.83
27913.15,3784.42,-138.10
27902.04,3797.20,-199.84
26581.66,4370.30,232.74
26555.05,4345.81,21.42
26517.85,4334.06,24.40
26365.90,4441.15,-20.47
26291.67,4342.42,-50.66
26326.84,4360.30,57.20
26307.20,4337.24,-15.15
26277.72,4329.40,81.43
26809.67,2758.36,-23.76
27907.44,3117.96,310.03
26807.22,4664.43,-40.51
26857.40,2735.61,63.37
26353.11,4249.89,59.59
25942.91,3619.35,-69.46
27108.05,2792.89,67.66
27115.26,2777.60,-7.21
26303.24,4497.84,-135.42
28070.54,3712.67,266.72
26292.64,4447.61,73.68
26325.09,4431.05,8.58
26323.26,4432.26,-41.51
26321.33,4444.09,-65.28
26332.30,4447.39,28.72
26550.86,4511.59,-10.88
26549.21,4561.60,-15.71
27527.08,2751.35,-160.66
27500.13,2720.55,-22.66
26572.94,2767.93,31.75
26066.18,3127.12,241.25
26626.16,2826.86,61.43
26812.18,4679.11,-232.76
26574.14,2765.04,-199.83
26595.78,2790.12,95.66
26623.04,2802.62,17.66
26632.94,2768.90,16.85
26644.54,2789.10,45.51
26994.06,2567.01,-143.73
27354.81,2886.40,23.87
27353.68,2885.59,42.73
26986.45,2720.48,-17.81
26014.08,3128.57,57.27
25999.76,3131.41,216.15
25973.51,3614.35,-7.14
26320.32,4644.31,-17.59
26323.27,4639.18,23.60
26694.09,4648.90,55.36
26518.74,4473.16,20.20
28023.25,3823.13,267.99
26047.32,3157.31,271.06
26670.13,4625.76,182.00
26337.14,4327.62,-65.35
26611.62,2793.06,23.80
26328.46,4321.92,-61.96
26607.05,2806.29,65.99
26384.04,4415.99,-56.53
26620.57,2771.33,-34.34
26315.69,4394.32,41.30
26290.81,4433.03,-32.79
26340.25,4406.99,46.17
27909.56,3974.89,123.74
26605.58,4550.04,40.80
27918.79,4009.09,173.96
27883.78,3232.97,-11.80
27957.99,3928.71,209.34
27364.14,2810.62,-66.91
26498.20,2799.42,24.37
27369.74,2846.59,30.50
26691.72,2749.47,29.59
26671.47,2814.40,145.64
26407.45,4401.30,48.32
27365.95,2883.75,-25.32
26364.92,4388.04,5.76
26303.86,4367.44,-73.89
26502.88,4312.11,-114.81
25940.77,4018.92,-195.55
26823.24,4642.81,91.63
26794.71,4650.86,-136.01
26782.20,4615.81,25.87
26511.17,4314.79,73.58
26553.36,4319.56,69.51
26553.67,2769.52,167.12
26817.81,4640.99,-113.84
26077.67,3130.39,93.99
26311.69,4378.85,-127.42
26331.58,4384.68,42.77
26323.07,4365.84,41.30
26324.17,4368.56,69.87
26337.19,4421.81,48.32
26346.57,4397.02,-24.13
27807.77,4291.30,19.37
27162.62,2583.79,296.67
26063.72,3152.77,90.87
27414.14,4555.39,-10.50
27667.65,3058.74,-19.01
26622.67,2788.77,58.15
26631.21,2775.45,74.49
26285.69,4338.02,37.48
28008.55,3851.46,273.78
27655.52,3050.11,-43.94
26410.48,2811.89,-69.80
26552.85,4570.36,-71.81
26592.34,4568.94,-13.88
26584.88,4521.35,52.81
28031.04,3705.43,265.00
26316.17,3055.08,169.62
26293.38,3043.13,29.93
27845.35,4332.86,240.46
27830.34,4328.56,253.49
27855.12,4306.59,155.73
27873.32,4310.94,179.68
27896.04,4278.53,218.99
27937.96,3872.87,-151.86
27956.54,3992.99,76.75
27946.60,3999.28,35.07
26496.19,2750.75,-14.20
26824.61,2739.94,26.63
26828.62,2733.61,45.83
25837.32,3874.10,-258.71
27376.88,4427.96,-13.58
27804.89,3189.56,-182.20
25980.04,3243.85,-119.68
26588.47,2796.66,8.78
26603.63,2789.92,39.23
27631.38,2911.20,-111.43
26600.33,2773.41,20.94
26596.83,2787.77,31.66
26575.44,2781.20,17.51
26652.30,4445.95,182.72
27974.17,4024.64,100.82
27432.48,3760.99,-83.78
26051.16,3148.72,197.67
26323.95,3007.22,-29.30
26408.01,3005.01,-222.81
27266.24,3382.78,-50.51
27278.51,3439.55,8.92
27267.70,3443.95,3.98
27267.74,3425.98,12.99
26610.08,2806.95,32.13
26639.60,2774.76,10.99
26633.46,2787.14,-35.01
26635.16,2763.87,-25.65
26644.74,2787.41,3.27
27366.27,2879.56,90.05
26805.14,2703.35,-96.17
26693.70,4571.64,200.00
26825.86,2726.44,60.70
26812.90,2725.51,61.07
26837.44,2722.25,118.79
26148.74,3084.59,-217.71
26510.52,2782.64,37.42
26504.91,2807.86,23.49
28130.55,3675.44,296.25
28098.34,3683.78,257.71
26537.21,2780.74,220.61
28024.57,3726.68,250.68
27838.94,3249.74,-222.12
27750.86,4392.49,-60.95
27763.94,4387.74,55.87
27745.05,4382.79,-13.17
27748.93,4404.56,17.51
27703.75,4346.71,-29.45
27685.19,4395.03,-87.58
27980.17,3778.33,50.56
27658.70,3038.90,13.30
27652.78,3050.89,0.39
26514.06,4320.32,-17.01
26512.45,4320.50,-65.06
26325.02,4262.96,-28.75
27920.48,3253.50,-163.99
26337.10,4616.15,23.20
26467.00,2760.40,83.02
26499.17,2788.39,2.02
26525.90,4331.27,8.06
26487.60,2805.87,30.92
27436.35,2933.28,60.89
25928.53,3236.48,50.55
27864.52,3215.47,-126.18
26223.93,4525.50,-135.57
26156.22,4425.93,-25.25
26816.12,4618.37,38.72
27345.59,4455.41,-114.57
26261.28,4521.81,10.01
25942.45,3954.75,-106.09
25991.24,3183.82,148.72
26360.17,4498.01,110.69
26405.36,4457.41,68.08
26350.66,4454.07,56.91
26630.04,2777.08,30.02
26618.51,2788.53,25.18
26783.64,4651.59,-21.59
28063.63,3697.54,284.90
27447.60,2951.57,120.38
27751.11,3143.08,-38.87
27751.18,3100.17,-16.42
26100.15,3841.07,45.47
26035.02,3818.25,-234.79
27696.44,3061.24,-171.89
26204.09,4603.09,-33.16
27269.87,3473.72,-17.99
25970.88,3177.80,120.98
25964.47,3177.21,214.11
26030.02,3165.26,235.12
25993.62,3131.99,145.67
25976.46,3124.77,236.16
25997.13,3136.64,211.30
25992.68,3137.95,268.24
26289.51,4255.86,39.19
26349.36,4240.70,1.54
26330.75,4198.75,-84.50
26610.37,2803.89,61.76
26611.62,2812.28,19.29
27299.76,4742.58,-1.91
27756.43,3032.84,-301.12
26597.90,4548.35,84.61
26790.61,2743.58,107.08
26573.69,2767.80,11.53
27282.82,4741.76,-110.86
26350.17,4634.34,63.85
26208.13,3037.48,117.26
27265.61,3424.52,-76.39
27254.26,3424.12,-69.73
26550.47,4516.51,34.56
26552.95,4519.78,86.21
26573.28,4542.03,24.71
27713.63,3058.93,-22.16
26281.97,4363.11,75.44
26441.76,4397.01,-10.58
26450.03,4400.69,10.82
26459.50,4386.50,10.39
26458.68,4390.39,27.36
26472.43,4406.45,11.11
26446.03,4422.28,29.74
26440.03,4407.81,70.52
26421.58,4393.89,30.90
26434.12,4390.62,12.06
26442.34,4394.25,49.47
26456.90,4398.22,28.32
26447.41,4396.51,22.59
26447.20,4391.67,-58.10
26436.81,4359.49,68.22
26294.26,4561.12,56.29
26553.52,2775.03,36.34
26491.07,4289.42,5.66
26499.35,4292.33,47.74
26412.47,4404.59,85.11
27883.85,3249.58,-61.60
26518.44,4325.83,42.29
26504.17,4307.86,3.20
27691.52,3036.11,-267.56
27805.26,3227.78,-166.59
26507.88,2793.64,23.01
28020.32,3726.86,265.65
26515.55,2807.12,42.06
26508.48,2779.55,17.55
26453.03,2821.12,31.90
26682.28,4575.59,34.30
26711.37,4593.71,50.95
27252.37,3518.75,-102.37
27280.00,4737.71,-23.34
27224.23,3409.33,-10.34
27306.14,4689.92,44.35
26857.05,2752.57,21.59
26838.53,2748.41,64.27
26841.67,2752.59,16.98
26828.71,2750.20,88.31
26842.78,2753.15,61.09
26833.54,2746.69,9.72
26828.55,2753.50,7.60
25915.52,3980.33,51.50
27958.74,4039.10,30.03
27945.17,4072.09,-52.20
27952.26,4104.75,-121.86
27329.73,4472.63,-145.24
27345.69,4433.61,-63.16
26831.62,4645.41,-106.34
26866.40,4706.70,-80.88
26344.04,3021.88,-228.37
26504.42,4303.18,38.16
26480.75,2796.41,45.16
26483.99,2787.68,-53.15
26822.07,2729.37,-18.54
25939.12,4051.15,23.43
25911.54,4019.38,-283.27
26778.83,4615.23,1.09
27940.07,3798.02,43.36
27906.50,3812.00,17.94
26638.19,2771.67,11.89
27463.87,3042.53,78.40
25969.89,3176.48,110.99
25975.05,3179.60,105.42
26586.40,2794.17,16.82
25959.71,3195.09,205.48
25977.98,3458.27,216.08
26494.60,4422.84,51.58
26496.22,2806.23,2.60
26489.72,2798.06,-21.41
26498.59,2797.95,39.46
26480.67,2827.23,61.76
26301.75,4260.56,-92.22
26061.55,3120.95,207.63
26036.12,3127.96,185.03
26647.38,2795.31,50.06
26467.13,2744.85,-139.05
26809.14,4066.93,206.11
25984.44,3495.89,113.62
27357.64,2732.03,10.91
27431.63,2735.10,24.89
26659.53,2771.88,62.01
26636.03,2766.73,50.90
28069.59,3833.35,308.71
27677.24,3928.62,-181.21
27974.25,3855.80,179.55
26503.32,2790.41,34.02
25932.13,3336.08,164.20
25951.85,3974.43,187.07
27866.35,3169.61,37.45
27700.61,3095.83,-46.19
26441.21,4391.76,23.70
26495.15,4351.74,35.13
27738.75,3167.14,14.03
27235.89,3438.94,-77.87
27250.71,3423.01,-50.78
27715.46,4406.37,39.25
27916.86,3727.63,-12.65
26798.23,2670.83,34.29
27781.06,3119.58,-138.33
26234.57,3960.80,61.30
27770.45,3140.95,90.05
27758.16,3160.12,32.74
27696.53,4409.55,43.03
26302.65,4530.62,-18.01
27702.43,4385.24,80.60
27711.92,4411.35,49.52
27725.12,4415.76,105.59
27720.67,4397.30,58.93
27702.26,4408.36,71.98
26265.61,4516.44,-36.24
27246.73,3450.06,-12.92
27715.88,3147.04,63.68
27250.55,3445.93,-20.61
27255.62,3393.83,-83.57
27257.98,3439.60,23.05
27254.96,3410.35,21.15
27244.36,3431.76,-103.93
26313.64,4633.10,39.09
27091.98,2819.65,107.97
26301.20,4632.09,-56.48
26124.76,3127.73,34.85
27887.29,3770.64,-53.68
27892.38,3755.25,-110.37
26311.69,4603.90,-25.82
26040.52,3174.94,245.63
27807.81,3241.77,-163.92
26718.52,4506.19,18.52
26734.09,4534.25,-75.94
26495.96,4320.76,-25.76
26432.81,4381.47,85.47
25936.22,3334.31,129.79
25951.67,3350.99,-1.82
27950.38,4088.50,-177.25
26581.24,4568.62,-10.59
27454.43,2935.77,99.63
26620.06,2777.82,52.41
26640.38,2775.70,7.99
26846.54,4709.69,-14.66
26340.18,2962.28,30.12
26840.74,4686.24,-170.27
27721.21,3021.28,-55.51
27680.23,3068.68,-61.67
26517.35,4533.60,198.76
26543.44,4531.95,-40.17
26546.62,4555.02,62.05
25971.86,3416.94,22.10
27297.92,4693.07,19.56
27318.89,4712.15,2.67
27948.93,3793.60,147.87
26264.86,4464.53,-211.49
27691.54,3059.49,-68.15
27441.18,2908.63,99.03
26824.22,2727.32,57.65
26565.59,4546.88,-102.32
26501.14,4523.63,81.63
26531.44,4550.79,82.84
27900.98,3760.61,-103.11
26516.16,4557.37,112.11
26532.24,4535.71,64.74
27950.22,3806.30,-101.27
27072.73,2774.17,56.32
26487.27,4549.27,99.55
26511.82,4549.67,155.59
26489.62,4528.57,72.35
26536.32,4542.07,59.52
27718.13,3123.78,-4.86
26958.68,2561.80,-227.42
26543.81,4567.17,148.73
27299.79,4724.47,57.72
27296.13,4777.25,-269.88
27435.29,2766.04,-91.44
26709.20,4118.50,-211.60
26820.37,2755.38,26.20
27346.99,4423.33,-28.91
26832.45,2751.86,23.86
27326.44,4411.67,-80.84
27439.52,2911.88,197.04
28035.17,3726.78,84.36
28017.30,3693.11,163.43
26540.40,4517.61,45.93
26516.09,4575.22,85.33
26535.24,4589.93,173.18
26562.43,4343.88,66.53
26511.99,4317.11,59.25
27978.83,3175.35,179.63
27075.54,2774.32,41.20
26185.16,2975.25,51.37
27051.62,2784.69,22.74
26220.41,2996.00,41.35
26209.96,2993.30,20.09
26364.23,4402.69,93.71
27342.63,4395.95,33.75
26512.86,4513.02,207.05
26526.91,4547.75,14.75
26269.81,4629.79,-170.97
25894.01,3307.42,263.76
25943.20,3308.57,20.83
25922.38,3293.31,225.75
26307.15,4428.32,67.87
26318.62,4303.06,-119.88
27926.34,4071.23,-170.52
27272.54,4777.40,-247.22
26421.81,2832.53,-2.46
26406.07,2831.50,60.55
26120.46,3143.20,-77.84
26137.77,3140.86,31.02
26532.16,4462.35,118.35
26537.12,4479.77,58.56
26335.30,4574.59,-68.99
26317.08,4466.61,-111.28
27309.18,4419.49,68.58
27309.77,4461.41,-108.87
26625.41,2803.76,64.93
26605.80,2789.93,-11.71
26613.26,2800.09,29.88
26620.75,2798.06,25.50
26852.20,4640.77,-98.95
26608.07,2786.26,19.26
27956.34,4001.70,213.27
27940.33,3988.46,202.54
25908.67,3744.03,-229.21
26610.15,2885.21,27.94
27785.88,3277.01,-184.27
26119.96,3129.23,33.71
27833.86,3310.54,-188.18
25963.44,3359.86,33.54
25928.74,3324.80,182.61
26295.66,2960.34,-100.58
27306.78,4710.63,214.63
27286.24,4698.08,70.18
26581.90,4547.08,-1.99
26563.79,4541.59,69.78
26586.14,4516.19,41.58
26566.95,4563.23,68.50
26614.93,4512.57,13.33
27451.62,2907.99,88.08
27560.29,2843.52,-55.33
27345.30,4427.16,-73.39
27306.70,4386.58,29.93
26867.63,2705.59,-24.17
26617.10,2777.37,15.81
26609.02,2800.18,34.99
26428.67,2842.54,40.89
27196.94,2705.28,4.99
27863.60,3268.23,-26.25
27067.67,2611.39,111.49
26843.65,4680.91,-39.25
26278.00,4597.01,-136.22
26301.22,4616.05,-168.44
26379.14,4405.59,0.45
26405.43,4367.34,330.27
26850.44,2744.92,32.26
27783.50,3285.97,-188.68
27851.19,3735.67,-153.79
27831.48,3244.20,-90.29
27886.20,3761.75,-125.74
27858.86,3713.10,-89.73
27874.55,3749.84,-174.46
27343.04,4416.27,7.93
26830.21,2735.83,20.89
26814.88,2755.91,29.49
26833.61,2761.08,42.58
26349.93,4437.69,132.15
26409.38,2857.22,36.83
27985.01,4038.17,120.07
27212.20,2712.20,-28.49
26829.21,4653.32,40.22
27207.69,2755.71,62.87
25913.58,3219.47,-288.17
26243.82,4426.74,62.07
26846.67,2769.08,26.75
26175.40,4258.45,46.68
26832.58,2773.14,76.93
26570.59,2986.63,257.58
26584.11,4560.24,40.30
26585.37,4595.95,45.25
26579.53,4573.00,52.21
26582.24,4603.79,-47.10
26572.55,4595.35,66.80
26571.55,4540.59,25.79
26602.71,4555.76,247.34
26573.22,4615.17,235.05
26551.26,4591.72,-217.36
26582.70,4619.96,-218.05
27860.88,3766.23,-80.21
26582.23,4601.49,171.88
26578.18,4614.33,-145.26
26566.87,4568.45,82.50
26611.93,4555.01,60.39
26592.68,4558.18,63.99
26585.67,4576.56,48.22
26611.14,4578.90,109.13
26607.39,4548.17,69.45
26615.73,4581.98,72.09
26582.20,4644.39,-262.55
26607.34,4635.74,-276.65
26591.29,4577.22,28.38
26553.94,4562.00,15.14
26568.02,4573.05,54.74
26577.13,4595.52,48.12
26581.70,4599.36,-77.28
26573.81,4587.23,-36.24
26569.58,4588.70,93.85
26575.74,4561.00,56.23
26602.52,4581.20,93.08
26597.03,4577.99,93.09
26625.30,4563.88,96.19
26635.69,4585.28,15.70
26584.23,4612.12,87.19
26598.87,4548.33,160.45
26596.21,4558.56,248.63
26615.79,2815.82,37.51
27521.22,2896.40,133.17
26567.22,4560.37,-21.20
26039.04,3240.47,-10.76
26018.69,3230.89,9.45
26030.55,3245.59,-34.00
26605.42,4597.79,55.68
